date	id	age	gender	newsws	days_news	subcat	title	image	author	datetime	text	sentiment	author_bio	passed	finished
[28/Apr/2020:11:43:39]	hvm8itcdlef2304oaohb6dfr5n	>55	Female	5	1	4	4	4	2	4	5	3	1	TRUE	TRUE
[28/Apr/2020:11:41:21]	5701db3fkekqvl76dm02419sro	45-54	Male	2	2	4	4	1	1	1	3	3	1	TRUE	TRUE
[28/Apr/2020:11:43:57]	4tcqllaua1pft1bt0mq0j0rp0v	25-34	Female	2	0	4	2	2	1	1	4	3	1	TRUE	TRUE
[28/Apr/2020:11:39:32]	sm841dtu5rbcmmg7tl5qu9m1nt	25-34	Male	1	7	4	5	2	3	2	5	4	2	FALSE	TRUE
[28/Apr/2020:11:41:38]	mtmm9orhc9gs4qjcje2qfpp4ft	>55	Male	1	7	1	3	1	1	1	5	2	1	TRUE	TRUE
[28/Apr/2020:11:47:33]	44is186eo82heduaihu5cfe4d5	25-34	Male	1	0	4	4	3	4	3	4	3	4	FALSE	TRUE
[28/Apr/2020:11:47:06]	3a7ldvk1ls8njf89q5df9kkbrm	25-34	Male	1	7	5	5	5	5	5	5	5	5	FALSE	TRUE
[28/Apr/2020:11:39:24]	vujj8si8i0uoflufohhh0aiumu	25-34	Male	2	2	3	4	2	4	3	4	3	4	FALSE	TRUE
[28/Apr/2020:11:37:49]	15hbihp8c28h6lhdqrqf26q30d	25-34	Male	1	2	3	4	3	4	3	4	3	4	FALSE	TRUE
[28/Apr/2020:11:51:37]	9o85fdah6bm83r30b7407gc6np	18-24	Male	1	1	3	4	4	2	2	4	4	2	FALSE	TRUE
[28/Apr/2020:11:42:43]	n46pfoaskgin5m0qpnbfkbncuh	35-44	Male	1	7	5	5	4	4	5	5	4	5	FALSE	TRUE
[28/Apr/2020:11:39:30]	057i53bgie79761ti3mfivcbb3	45-54	Female	5	0	4	4	1	2	1	4	4	1	FALSE	TRUE
[28/Apr/2020:11:41:02]	jmoj5o5ani181k9k2al96qh4rl	25-34	Male	2	4	4	5	3	1	5	4	4	1	TRUE	TRUE
[28/Apr/2020:11:42:15]	han08cei27o53p9b3398ljjm0s	25-34	Male	1	7	4	4	4	1	2	5	5	2	TRUE	TRUE
[28/Apr/2020:11:48:45]	rfj14fr2gksvh5l4t5d8o6f2jd	>55	Male	1	2	2	3	3	2	4	2	2	3	FALSE	TRUE
[28/Apr/2020:11:48:39]	ge3nm3l42sfru6rfuaul09avk1	35-44	Male	4	6	2	5	5	1	1	2	1	1	TRUE	TRUE
[28/Apr/2020:11:51:59]	c1fkfetlvmqffcdtb19v1ilehc	35-44	Male	2	2	3	5	3	1	3	5	5	1	TRUE	TRUE
[28/Apr/2020:11:48:06]	ini9v2ikamtncuo6eahnhjqa8d	25-34	Male	2	2	2	4	1	1	1	4	1	1	TRUE	TRUE
[28/Apr/2020:11:54:53]	s8gq4dmfv9moakab56a46qk6jv	35-44	Female	2	2	4	4	3	2	4	5	3	2	TRUE	TRUE
[28/Apr/2020:11:54:10]	m8m0s1ul4pir4q9qhuclv2qn7s	25-34	Male	2	3	3	2	3	4	4	3	4	3	FALSE	TRUE
[28/Apr/2020:11:54:56]	l1fhbi96mdvehbbb0nq7grekqj	45-54	Male	2	2	2	5	3	1	2	5	5	1	TRUE	TRUE
[28/Apr/2020:12:00:00]	svv4ihtubo349007p6k08j9qg6	25-34	Male	2	5	4	3	4	3	3	4	4	3	TRUE	TRUE
[28/Apr/2020:11:58:13]	60is8str5kqmghe1qce85t30ja	35-44	Female	1	7	2	5	2	1	1	4	3	1	TRUE	TRUE
[28/Apr/2020:11:59:42]	iaf4q6sq3aqrc2oukt6af94e1e	35-44	Male	1	7	4	4	3	2	2	5	4	1	TRUE	TRUE
[28/Apr/2020:12:15:02]	9rnngtb4dcbt51e9jgdlilck3b	>55	Male	1	1	4	5	4	4	5	4	4	5	FALSE	TRUE
[28/Apr/2020:12:20:06]	ufj0g1vhvu9u0u1c080um6b7hr	45-54	Female	1	7	4	3	4	5	4	5	4	2	FALSE	TRUE
[28/Apr/2020:12:07:41]	0ot2hna7l3hk4d6o6lnitlvjrh	35-44	Female	2	1	5	5	5	1	1	5	1	1	TRUE	TRUE
[28/Apr/2020:11:53:59]	esk59fna0gok0hi8v2utsoj7a4	45-54	Female	5	0	2	5	4	1	4	4	5	1	TRUE	TRUE
[28/Apr/2020:11:58:34]	jmg7udi67qlfdp1v8mq484acin	35-44	Male	1	7	4	5	5	2	3	4	3	1	TRUE	TRUE
[28/Apr/2020:12:03:51]	u1u9l6s7ip0r18pr4qsdl09d7c	45-54	Male	3	4	3	4	4	4	4	5	5	5	FALSE	TRUE
[28/Apr/2020:11:58:46]	h6sphthhbbtq0pqef5hj0kn6gs	25-34	Female	2	3	4	3	4	3	3	3	4	3	FALSE	TRUE
[28/Apr/2020:12:10:38]	fplgo96no50t3j95prmbmt2tfu	45-54	Male	1	5	3	5	5	2	3	5	3	1	FALSE	TRUE
[28/Apr/2020:12:19:50]	7n4lc42eeipto6es5o20r3l1qo	45-54	Male	3	1	2	5	4	3	2	5	5	2	TRUE	TRUE
[28/Apr/2020:12:05:35]	8opm5f79sfah55ubjj5aqn1f2g	25-34	Male	2	2	2	5	2	1	2	4	5	2	TRUE	TRUE
[28/Apr/2020:12:10:27]	oio0bj0rcblb7q0ssdpufqui96	45-54	Male	5	0	4	5	2	3	1	4	3	1	FALSE	TRUE
[28/Apr/2020:12:06:16]	efk48c5ei3jj3lkvolbjbpjslf	25-34	Male	5	0	2	3	4	1	5	5	1	1	FALSE	TRUE
[28/Apr/2020:12:08:11]	pkprl9j3hcv7cf6umlhg01r8er	25-34	Female	1	7	3	4	2	2	2	3	2	2	FALSE	TRUE
[28/Apr/2020:12:08:33]	2dnjbqa9q5ecb95f52giec5u3o	25-34	Male	1	7	3	5	1	1	2	5	5	1	FALSE	TRUE
[29/Apr/2020:01:53:53]	jci263v44dt28jlsllenmttb7o	25-34	Female	5	0	2	5	1	1	1	4	4	4	TRUE	TRUE
[28/Apr/2020:12:59:00]	39q8pupnddc9rv34r5k9022la2	35-44	Female	3	1	5	5	5	2	5	5	3	2	TRUE	TRUE
[28/Apr/2020:12:54:51]	8s39jgsdepkecmpkosdd34238c	25-34	Male	2	4	3	5	4	1	1	5	2	1	FALSE	TRUE
[28/Apr/2020:12:58:07]	f07rkuha4k2a6svvs4l8rcn1f4	45-54	Male	1	6	4	5	5	3	4	5	5	2	FALSE	TRUE
[28/Apr/2020:13:07:34]	bkth9sldqcqhu6q53q33o4b8be	25-34	Male	2	7	4	5	3	1	2	4	4	1	FALSE	TRUE
[28/Apr/2020:13:01:49]	3qg98197ps6bt6n68drqp4v1pj	25-34	Male	2	5	5	5	2	2	3	5	5	1	TRUE	TRUE
[28/Apr/2020:12:58:11]	usjg28taumh4ru55ucqqoe7f65	25-34	Male	2	6	3	4	4	3	2	4	4	4	FALSE	TRUE
[28/Apr/2020:13:16:09]	0bgkpfv63o22shucj8ll2lr14q	25-34	Male	1	2	3	4	5	4	3	4	4	5	FALSE	TRUE
[28/Apr/2020:13:01:22]	ep3u1kad1g9on3rtaq6s4mn5kh	25-34	Male	2	0	3	5	1	1	1	4	3	1	FALSE	TRUE
[28/Apr/2020:12:59:04]	rd96pelbc6sg63oap2j5aga32u	25-34	Female	3	0	4	4	3	2	1	3	3	1	TRUE	TRUE
[28/Apr/2020:13:02:26]	92gppqmoprd0dctts7d0s0dc7j	>55	Male	5	1	5	5	5	2	5	5	5	2	FALSE	TRUE
[28/Apr/2020:13:05:34]	04jfn5kvhuajoq1te91tme8171	45-54	Male	1	7	4	5	3	1	1	5	5	1	FALSE	TRUE
[28/Apr/2020:13:08:21]	7d4ldvkp242os7pmbm9b1obeat	25-34	Male	1	7	5	5	4	5	5	5	4	5	FALSE	TRUE
[28/Apr/2020:13:07:59]	f98pucmbli49bp4724k5n9e1fo	25-34	Female	1	2	3	4	3	1	1	4	2	1	TRUE	TRUE
[28/Apr/2020:13:11:31]	e8qq82r51oa9cnt8l0tsvsdthd	35-44	Female	1	5	3	4	2	1	1	5	5	1	TRUE	TRUE
[28/Apr/2020:13:15:03]	l9hh65k01e5bfhe4s66ivcsoq3	45-54	Female	1	7	1	3	2	1	1	5	3	1	TRUE	TRUE
[28/Apr/2020:13:10:46]	kpbuan723d2igqoihdr3p6p9pn	45-54	Male	1	4	3	3	4	4	4	3	3	4	FALSE	TRUE
[28/Apr/2020:13:10:48]	ullc6v213buh7h6mpkjucdklr4	25-34	Female	5	0	3	5	5	2	1	4	5	1	FALSE	TRUE
[28/Apr/2020:13:10:42]	n50i8q7sainv8j06mc1i33g2vl	25-34	Male	5	0	2	4	2	2	2	4	2	2	FALSE	TRUE
[28/Apr/2020:13:15:14]	t46gcfrm9sideno6ulvlm5li9b	45-54	Male	1	7	5	5	3	1	3	5	1	1	TRUE	TRUE
[28/Apr/2020:13:35:59]	94urebt98l1vamuartk389quvj	25-34	Male	2	2	3	4	4	3	5	4	4	4	TRUE	TRUE
[28/Apr/2020:13:15:09]	6iet2d5rpjbv7bmo5cdd2ilk8h	45-54	Male	1	3	2	3	4	5	3	4	2	5	FALSE	TRUE
[28/Apr/2020:13:26:58]	g2mp6sq87j11i5cvnhrvai9tsu	>55	Male	3	3	3	5	5	2	2	3	3	3	FALSE	TRUE
[28/Apr/2020:13:17:29]	quev6prgg8bmlbl7cf74abq1hh	25-34	Male	5	0	5	4	4	4	1	4	3	1	TRUE	TRUE
[28/Apr/2020:14:04:48]	bdi9dg0oka23tac3joc3e1vedb	>55	Male	5	5	5	5	2	1	5	5	5	1	TRUE	TRUE
[28/Apr/2020:14:00:45]	633i94hlspsdasbuu6uq94je1b	25-34	Male	1	5	4	5	4	5	4	4	5	4	FALSE	TRUE
[28/Apr/2020:14:02:08]	u63g5h2ogqo9c9943p510pkmqd	>55	Female	5	0	3	3	2	1	5	5	5	1	TRUE	TRUE
[28/Apr/2020:14:17:51]	0bts0g38fbjaepmdf8lav5a7v9	25-34	Female	2	2	5	5	3	1	5	5	5	1	TRUE	TRUE
[28/Apr/2020:14:06:15]	c0uajjpfqcq3ti2hl6eoc1pu7t	45-54	Male	1	7	5	5	5	5	5	5	5	1	TRUE	TRUE
[28/Apr/2020:14:09:25]	2aqgpp8cpv7qnlnv161jsl9vat	35-44	Female	2	5	3	4	2	1	4	4	2	3	FALSE	TRUE
[28/Apr/2020:14:22:11]	23a7goca1g938o6i4ee6oa5slm	25-34	Male	5	0	5	5	5	5	5	5	5	5	FALSE	TRUE
[28/Apr/2020:14:07:11]	bk45fgteg74ujv0v8m9q3s3acg	35-44	Male	1	2	3	5	4	5	3	5	4	3	FALSE	TRUE
[28/Apr/2020:14:16:11]	di3q97hefht328p858psak2sno	>55	Female	5	0	3	5	5	2	2	3	3	1	TRUE	TRUE
[28/Apr/2020:14:10:31]	hh23sfkuk8sopt4jpnkef7dghg	45-54	Male	1	7	5	5	3	1	5	5	5	1	TRUE	TRUE
[28/Apr/2020:14:13:33]	i17nfroq9l8curautd4u7p4f9d	25-34	Female	5	1	5	5	1	1	1	5	5	1	TRUE	TRUE
[28/Apr/2020:14:12:20]	ngc5vi6t92erqvhe9i42npcd3f	>55	Female	5	0	5	5	5	5	1	5	5	1	FALSE	TRUE
[28/Apr/2020:14:09:06]	4pvbn8ckav8087bc44eshp7b8k	25-34	Male	5	0	1	4	1	1	1	5	5	1	TRUE	TRUE
[28/Apr/2020:14:08:00]	bcgdifuqudip1i3hrjru5h4h76	25-34	Male	1	5	3	5	3	3	3	5	5	1	FALSE	TRUE
[28/Apr/2020:14:11:55]	p5lcecqi59b6f2jfv4kn4nina1	35-44	Male	3	1	4	4	4	2	2	4	4	2	TRUE	TRUE
[28/Apr/2020:14:24:21]	fo5pilh0s7qe7b4k38ccphl8qg	45-54	Female	1	7	1	3	1	1	1	4	4	1	TRUE	TRUE
[28/Apr/2020:14:14:32]	91ibre15bobldqu319u4jjjd47	45-54	Male	2	3	4	5	5	3	4	5	5	2	TRUE	TRUE
[28/Apr/2020:14:28:13]	99lmtfd1sf2nnel54a0t1obn60	18-24	Male	4	1	4	5	3	4	3	4	5	3	TRUE	TRUE
[28/Apr/2020:14:14:26]	ibvb2njjaottl9i2ppd2a35qvu	45-54	Female	1	3	3	4	5	3	4	5	3	4	FALSE	TRUE
[28/Apr/2020:14:21:08]	bpodtjb4sosgtmqqn2aa71use8	25-34	Female	2	2	3	4	4	2	3	3	2	1	TRUE	TRUE
[28/Apr/2020:14:26:42]	bpgar37hairqb0at5ee4ps213b	35-44	Female	5	0	3	3	2	1	3	5	5	2	TRUE	TRUE
[28/Apr/2020:14:34:21]	tdbpd83efdq0bpe9n3hmu2mm5f	>55	Female	5	0	5	5	2	2	2	5	3	1	TRUE	TRUE
[28/Apr/2020:15:11:26]	vg4q9m2n2adflmk7ed300jcoj8	35-44	Female	3	2	2	2	1	1	2	4	5	1	TRUE	TRUE
[28/Apr/2020:15:12:25]	n42pdmbacgse6u2o8stuprr3c4	25-34	Male	2	2	3	5	1	1	1	3	1	1	TRUE	TRUE
[28/Apr/2020:15:11:41]	07uqtlnm01j6fsnpru95beik9t	25-34	Female	5	0	3	5	3	2	3	3	3	2	TRUE	TRUE
[28/Apr/2020:15:17:43]	aaugrrlp4etdk8hv21cqnu3k1d	35-44	Male	5	2	3	3	3	2	3	3	3	1	FALSE	TRUE
[28/Apr/2020:15:17:33]	sc9kika52fm0vdh2b9rssce9hr	35-44	Female	5	0	1	5	2	1	1	5	4	1	TRUE	TRUE
[28/Apr/2020:15:18:46]	cti1hp22sqrbbbg47cas9neg7n	25-34	Female	1	0	5	4	5	5	4	5	4	5	FALSE	TRUE
[28/Apr/2020:15:21:45]	ots68eolkda27rtjbg48hssjnk	35-44	Female	5	0	3	3	1	1	1	4	4	1	TRUE	TRUE
[28/Apr/2020:15:18:44]	7fc68ul15g6bckn5m435mg2bl8	25-34	Male	5	0	3	5	1	1	1	5	4	1	TRUE	TRUE
[28/Apr/2020:15:22:01]	no31fukafjk6lnr71f66cn6lbq	>55	Female	1	7	1	3	1	1	1	5	1	1	FALSE	TRUE
[28/Apr/2020:15:22:16]	aos62kdd4upq63fngh1p4e5sgi	>55	Male	5	0	5	5	2	1	4	4	1	1	TRUE	TRUE
[28/Apr/2020:15:25:14]	vl2gq4v2oqp7pod0nil8q5tstk	18-24	Male	4	0	4	3	1	1	2	5	3	1	TRUE	TRUE
[28/Apr/2020:15:22:08]	k267a62ch4rimqf2f5sjgb0664	35-44	Male	2	5	3	5	1	1	1	3	1	1	FALSE	TRUE
[28/Apr/2020:15:22:17]	j3ca66ms2bd3dk55q20i94dlpk	25-34	Male	1	5	3	4	4	4	3	3	4	4	FALSE	TRUE
[28/Apr/2020:15:24:03]	g8s3agm44kf5uhid3e5shoivm1	35-44	Female	4	2	5	5	5	1	1	4	4	1	TRUE	TRUE
[28/Apr/2020:15:25:17]	30rv4q2uaagm2j55k551bv94kc	25-34	Male	2	1	1	3	1	1	1	5	3	1	TRUE	TRUE
[28/Apr/2020:15:35:56]	5kdhknjq64or2cpf9nsim34erc	>55	Male	3	2	1	2	2	1	1	5	4	1	TRUE	TRUE
[28/Apr/2020:15:28:31]	cs8hdu1qc7kgp4r1e4sjnk9skr	>55	Male	5	0	3	4	4	1	3	5	5	2	TRUE	TRUE
[28/Apr/2020:15:28:35]	r7ivjbp39573ud6eulep34k8as	45-54	Female	4	1	4	5	5	3	2	3	2	1	FALSE	TRUE
[28/Apr/2020:15:46:46]	mf31lsavb0hcvr2v3kf5djqrt7	>55	Male	1	7	2	4	4	4	2	5	3	1	TRUE	TRUE
[28/Apr/2020:15:33:32]	95925bhgtlpom3cddol9udgdi1	25-34	Female	4	1	3	4	4	4	1	5	3	1	TRUE	TRUE
[28/Apr/2020:15:28:15]	ktku0vbvh0nilhpesufo8gsdcs	25-34	Male	2	2	2	4	3	2	3	4	2	3	FALSE	TRUE
[28/Apr/2020:15:28:58]	m21jop5f5ru6jqtn2n0dveq9ej	>55	Female	2	1	4	4	5	4	4	5	4	3	FALSE	TRUE
[28/Apr/2020:15:28:17]	i0adqch17h004q7059vpbivuq3	45-54	Male	5	0	2	4	2	1	1	5	5	1	FALSE	TRUE
[28/Apr/2020:15:26:59]	f6mlsshadsaa6gbg4fihfc5so4	45-54	Female	3	4	4	3	3	4	3	3	3	4	FALSE	TRUE
[28/Apr/2020:15:28:30]	19rnils31d0g2i97e52c7fj7qg	35-44	Male	5	0	2	4	2	1	2	3	4	1	FALSE	TRUE
[28/Apr/2020:15:29:48]	pcn2homhokfb2tn91gn1gn4mfo	45-54	Female	1	5	4	3	5	4	3	3	4	5	FALSE	TRUE
[28/Apr/2020:16:03:44]	i8ss3cl6jebc4akosjr6mkdt4g	25-34	Male	2	3	3	4	3	3	4	5	4	4	FALSE	TRUE
[28/Apr/2020:15:32:19]	m5r51j84p1t41tk2hf1c2bshme	45-54	Female	5	1	3	2	3	2	2	2	2	2	FALSE	TRUE
[28/Apr/2020:15:31:57]	m3aojsf51ntarqmf7se6mnae5o	25-34	Male	3	1	1	5	1	1	1	5	5	1	TRUE	TRUE
[28/Apr/2020:15:47:36]	tr0q4018abr0kf7quh4hp56lsc	35-44	Male	2	3	2	5	1	1	1	3	3	1	FALSE	TRUE
[28/Apr/2020:15:39:42]	ci3cj33581iv1bskca4tu8el5f	>55	Male	1	7	4	4	2	2	4	4	4	1	TRUE	TRUE
[28/Apr/2020:15:41:51]	eti5vh0qn3o5aen0aorf1f941c	25-34	Male	2	4	3	5	1	1	1	3	1	1	FALSE	TRUE
[28/Apr/2020:15:36:52]	vqngpqonus4iuthetiuvqq524v	25-34	Male	3	1	5	5	5	5	5	1	5	1	TRUE	TRUE
[28/Apr/2020:15:36:57]	sj9hro88c5nniiel398poiahdt	35-44	Male	2	1	4	5	2	1	3	5	3	1	TRUE	TRUE
[28/Apr/2020:16:27:47]	3470cem86jtqsf4dl463ep1h3p	35-44	Male	5	1	3	4	2	2	3	5	3	1	TRUE	TRUE
[28/Apr/2020:16:20:43]	sr2lvb46m5ok5oak5ourvt69dh	35-44	Female	2	3	5	5	3	3	2	3	3	1	FALSE	TRUE
[28/Apr/2020:16:29:51]	d1c9lmcn449jcf5kgjskel9ntu	35-44	Male	1	7	5	5	1	2	3	5	3	1	TRUE	TRUE
[28/Apr/2020:16:26:55]	2nun9kvtkpuq9skml59duc382m	25-34	Male	2	0	4	3	5	4	5	4	5	5	FALSE	TRUE
[28/Apr/2020:16:26:44]	27pd1he84ost6dciquif4mvb1a	>55	Female	5	0	2	5	5	1	1	5	5	1	FALSE	TRUE
[28/Apr/2020:16:28:32]	5fbv2su3pa7vdhpjiqecuuphgc	45-54	Male	2	3	4	5	5	1	5	5	4	1	TRUE	TRUE
[28/Apr/2020:16:34:45]	5116k5qeiciu02vufr9ich7inm	25-34	Female	1	6	2	2	1	1	1	5	2	1	TRUE	TRUE
[28/Apr/2020:16:27:00]	hbrp4236dgv7qiopafk1ap20h8	25-34	Male	1	7	5	5	1	4	5	5	5	1	TRUE	TRUE
[28/Apr/2020:16:28:30]	4vl5nqt8bsjiepib6bamc099ad	25-34	Male	1	4	3	5	2	1	2	4	3	1	TRUE	TRUE
[28/Apr/2020:16:28:33]	9574g909moq1palvlhci10mvu6	>55	Female	2	3	5	5	5	1	4	5	5	1	TRUE	TRUE
[28/Apr/2020:16:31:40]	9nim3p33oukjvpjkeapjqq3fdi	>55	Female	5	0	2	4	2	4	1	4	4	3	TRUE	TRUE
[28/Apr/2020:16:31:57]	njtia59972fa7abftpie8eapvp	35-44	Male	2	2	4	5	1	1	1	5	5	1	TRUE	TRUE
[28/Apr/2020:16:27:51]	alongctl10cf82qe7tngqu7vbm	35-44	Male	1	7	3	5	3	3	3	4	5	2	TRUE	TRUE
[28/Apr/2020:16:30:33]	7la349p1hk1jpi37sjmdjvbcer	18-24	Female	1	7	5	5	1	1	1	5	5	1	TRUE	TRUE
[28/Apr/2020:16:31:10]	leeulh0o05auludl7c1nlka5c4	45-54	Male	3	1	5	5	5	5	5	5	5	5	FALSE	TRUE
[28/Apr/2020:16:35:54]	kmniolv2dqgcgc1mu9et43ol7r	35-44	Female	3	2	4	5	5	1	1	1	2	1	FALSE	TRUE
[28/Apr/2020:16:32:57]	kk0bk2i2f6b4pbo3v4veudv9hd	18-24	Male	2	7	3	5	4	2	2	4	2	3	TRUE	TRUE
[28/Apr/2020:16:42:21]	29bbbecd9jk92f5e4rn4kpm718	35-44	Male	5	1	3	5	4	1	2	4	3	1	TRUE	TRUE
[28/Apr/2020:16:38:28]	oeui1e0jithttjnhtetoesd9sa	25-34	Male	1	5	3	5	5	3	3	4	4	4	TRUE	TRUE
[28/Apr/2020:16:39:56]	hhvsvvf57siovcfk9fl5nq68jq	25-34	Female	2	1	1	3	1	1	3	5	2	1	TRUE	TRUE
[28/Apr/2020:16:38:44]	vq5kji1fjlrkddg38umfepff2l	45-54	Female	5	0	2	5	4	1	3	5	4	1	TRUE	TRUE
[28/Apr/2020:16:41:24]	tffk98miubqdecrmn7ht6678mo	45-54	Female	2	3	5	3	1	1	1	5	4	1	TRUE	TRUE
[28/Apr/2020:16:38:13]	tbq2gd9dell3v5lfrpb85308am	25-34	Female	5	0	3	5	2	1	1	3	3	1	TRUE	TRUE
[28/Apr/2020:16:41:11]	1032fdtm0lgquf71re8lug0605	35-44	Female	2	4	4	4	4	1	1	5	4	1	TRUE	TRUE
[28/Apr/2020:16:40:29]	4bvs9jurp3jbal90dgbar2ijfd	35-44	Male	2	1	4	5	5	2	5	3	2	2	TRUE	TRUE
[28/Apr/2020:16:39:52]	iut1g5v1ru3us1c63ddkhpptpc	25-34	Female	2	2	4	5	4	1	2	5	5	1	TRUE	TRUE
[28/Apr/2020:16:43:33]	3rgge3iki6n0skclqqoj6fmmtb	45-54	Female	2	1	2	4	1	1	1	5	5	2	TRUE	TRUE
[28/Apr/2020:16:47:27]	bj361md134t2v4nros7agfe760	>55	Female	3	1	4	4	4	1	1	4	4	1	TRUE	TRUE
[28/Apr/2020:16:46:49]	at4tli4hl14ad3eag8t936oqib	>55	Female	2	2	4	5	5	5	2	5	5	1	TRUE	TRUE
[28/Apr/2020:17:36:09]	50kc7a62be4mphes3c8v3id57f	45-54	Male	1	6	4	3	3	4	5	5	3	4	TRUE	TRUE
[28/Apr/2020:17:25:33]	9u39008j0nk6n1iu2pgicp7anc	45-54	Male	1	2	3	4	3	4	4	4	3	3	FALSE	TRUE
[28/Apr/2020:17:36:28]	3al0dbb9suv2nb98d1rfc0hek7	35-44	Male	1	7	4	5	4	3	5	5	4	2	TRUE	TRUE
[28/Apr/2020:17:40:40]	cvv3q0i6ie0un7jjl6cvga1rul	35-44	Female	1	7	5	5	5	5	5	5	5	1	TRUE	TRUE
[28/Apr/2020:17:36:10]	sfa31kr2ak3bnvl581jo765or7	45-54	Male	2	1	2	5	2	2	2	5	5	1	TRUE	TRUE
[28/Apr/2020:17:31:28]	ru6hjgnd0d0jduv95tiesoligp	25-34	Male	5	0	3	3	1	1	1	1	2	1	FALSE	TRUE
[28/Apr/2020:17:34:04]	gcp25n1129rgs5fu0qgvmoihov	25-34	Female	4	3	3	4	3	4	4	4	2	1	TRUE	TRUE
[28/Apr/2020:17:38:16]	et0d1cb0u4hom0l6m2n3dfvm91	>55	Female	1	7	3	4	1	3	4	4	4	1	FALSE	TRUE
[28/Apr/2020:17:38:31]	e378dncrovutoelqpqegqa8ftg	18-24	Female	5	0	2	5	3	1	3	5	5	1	TRUE	TRUE
[28/Apr/2020:17:40:08]	r12lrj2os17m0hua71csocgh3g	35-44	Male	1	7	3	4	4	4	4	4	4	4	FALSE	TRUE
[28/Apr/2020:17:57:11]	m41prt7e27fjceu7u4791sjn1p	35-44	Male	1	7	1	4	1	1	1	5	4	1	TRUE	TRUE
[28/Apr/2020:17:51:31]	lesjqaa7079ng9ikgrcte24r95	35-44	Female	2	2	1	5	1	1	2	4	1	1	FALSE	TRUE
[28/Apr/2020:17:41:38]	rd974549jhi15cf4p2gq4iis80	35-44	Female	1	7	5	5	5	1	1	5	5	1	TRUE	TRUE
[28/Apr/2020:17:46:37]	7n09p5kvd6v413eeog1psl1phc	>55	Female	1	7	2	5	5	1	5	5	5	1	TRUE	TRUE
[28/Apr/2020:17:47:14]	b78hsb5bsn63bmttbheaiecgqf	45-54	Male	1	7	5	5	5	2	2	5	4	1	TRUE	TRUE
[28/Apr/2020:17:42:56]	pkbmjp4h9dufs795nruvfv3lja	25-34	Male	5	0	1	5	2	1	1	2	1	1	FALSE	TRUE
[28/Apr/2020:17:48:21]	qit6mtu2188pousbcanvmd201e	25-34	Male	2	1	4	3	4	4	2	2	3	4	FALSE	TRUE
[28/Apr/2020:17:51:45]	13dmjircoaa11isp8a7ghpk2mb	25-34	Female	5	0	1	5	1	1	1	5	3	1	TRUE	TRUE
[28/Apr/2020:19:11:50]	n48phff8qta37mldqmcm4iifcb	35-44	Male	1	7	3	5	2	5	3	5	1	5	FALSE	TRUE
[28/Apr/2020:12:13:55]	aopk56r4hv24bhnv8hsv4ntlvs	25-34	Male	1	6	4	4	3	3	4	4	3	4	FALSE	TRUE
[28/Apr/2020:12:21:20]	fh6r7l8b6ni0bapeujmv56lknb	>55	Female	1	7	2	5	4	3	5	5	3	1	TRUE	TRUE
[28/Apr/2020:12:34:46]	bem3o4ajqr9jsohm8nvkdpkbak	45-54	Male	1	7	4	5	4	4	5	3	5	1	FALSE	TRUE
[28/Apr/2020:12:30:54]	4it29q5q04cstkml0jp1f3tmnj	25-34	Male	1	5	1	2	1	1	1	5	1	1	TRUE	TRUE
[28/Apr/2020:12:27:06]	s6qmg1l33acbdm0k9qvbmd9dkn	>55	Male	5	0	5	5	3	1	1	4	4	1	FALSE	TRUE
[28/Apr/2020:12:23:55]	dtt28a63qtoad15l2egsi0u3cc	35-44	Female	5	0	4	5	3	1	2	4	3	1	FALSE	TRUE
[28/Apr/2020:12:46:11]	chv97frn4ht2376sebsq0i95q8	45-54	Male	1	5	5	5	5	3	4	5	4	3	FALSE	TRUE
[28/Apr/2020:12:38:05]	hd7amtdqf0m182dcbnt930b7nh	35-44	Female	1	0	5	5	5	5	5	5	5	5	FALSE	TRUE
[28/Apr/2020:13:22:59]	etpq1j6b80soopgv8crd8onhhd	18-24	Female	3	1	2	4	3	1	2	5	3	1	TRUE	TRUE
[28/Apr/2020:13:28:08]	1mrrik2tuqh9r9okncruejc40m	>55	Female	2	3	5	5	5	1	3	5	5	1	FALSE	TRUE
[28/Apr/2020:13:28:24]	rbhpkb2oitq15h1mfa7ac4m5re	35-44	Male	1	7	5	4	1	1	2	5	4	1	TRUE	TRUE
[28/Apr/2020:13:39:31]	kcecrv3cjaub6s5us064sep7t9	35-44	Male	1	7	3	3	4	4	5	4	3	2	FALSE	TRUE
[28/Apr/2020:13:36:09]	28gbh0p7bea5u73g6o093ejvtk	>55	Male	1	7	4	4	4	1	1	4	4	1	TRUE	TRUE
[28/Apr/2020:13:49:48]	uftdq8khq10c568vip167krhel	35-44	Male	2	5	4	5	3	2	4	5	4	1	TRUE	TRUE
[28/Apr/2020:13:31:19]	dgubj66585e3a9mfhs7qhbeo3i	35-44	Female	1	7	1	4	2	1	1	4	3	1	TRUE	TRUE
[28/Apr/2020:13:40:07]	telgtq3ukgo0lkrdepvgmnbe92	18-24	Female	2	2	2	5	1	1	1	5	3	1	TRUE	TRUE
[28/Apr/2020:13:53:28]	higptvdihcbg4c5tjqol4r9ieo	35-44	Male	1	0	4	2	2	1	4	2	3	2	TRUE	TRUE
[28/Apr/2020:13:39:46]	mkuo2l8ulf2cbe5d5jfl74epeu	18-24	Female	5	0	1	4	3	1	1	4	4	1	TRUE	TRUE
[28/Apr/2020:13:35:08]	og39rp6m6qrgco0h0uaoovko9o	35-44	Male	3	1	2	3	2	1	2	5	3	1	TRUE	TRUE
[28/Apr/2020:13:37:50]	i9l7vc1fc34uad5l2eovfv05rj	25-34	Female	2	3	5	5	5	5	5	5	5	5	TRUE	TRUE
[28/Apr/2020:13:39:57]	ac65tqn1puaf9i05tkorte08bq	25-34	Male	1	5	5	5	5	4	5	5	5	5	TRUE	TRUE
[28/Apr/2020:13:41:23]	rqp9v264jk0t8059c2vtfkicp1	25-34	Male	2	1	2	5	1	1	2	4	2	1	TRUE	TRUE
[28/Apr/2020:13:42:09]	e9ius0f07e1j01k4tgognm21tk	35-44	Male	2	2	2	4	3	5	4	1	2	4	FALSE	TRUE
[28/Apr/2020:13:47:48]	31mq4radq41bhkjjupr6i86v9v	25-34	Male	1	5	1	5	1	1	1	4	4	1	FALSE	TRUE
[28/Apr/2020:13:51:17]	4kfum2b8rapv7lam2nnai7snkm	35-44	Male	3	1	3	5	3	5	3	4	3	2	FALSE	TRUE
[28/Apr/2020:14:13:44]	fc57sgfne0m18s0o8c1p85tmsp	35-44	Male	1	6	4	3	1	2	3	5	4	1	TRUE	TRUE
[28/Apr/2020:13:59:10]	b1qng4v5shhvo883vj95qmq25d	35-44	Male	3	2	5	5	5	1	1	5	5	1	FALSE	TRUE
[28/Apr/2020:14:01:51]	22d4k2tabh527bif6eart0uqmn	45-54	Female	3	1	1	3	2	1	1	5	4	1	TRUE	TRUE
[28/Apr/2020:14:33:20]	pttstm5pu1ie4doosqimmfa3n4	>55	Male	1	7	5	5	5	1	5	5	5	1	TRUE	TRUE
[28/Apr/2020:14:37:22]	psmagbbunee1j088o3fgdic08f	45-54	Female	5	1	2	5	3	1	1	3	3	1	TRUE	TRUE
[28/Apr/2020:14:39:01]	5d8ttcpk5dooogn3f1505q6m62	35-44	Male	1	5	2	5	5	1	5	5	4	2	FALSE	TRUE
[28/Apr/2020:15:05:14]	42fta255cbvdcnk3s5575komo7	18-24	Female	2	3	3	4	4	1	1	4	4	1	FALSE	TRUE
[28/Apr/2020:14:43:55]	h24c2jub2sg9aukjs9j2hcm2ea	25-34	Male	1	7	4	5	5	1	3	4	4	1	TRUE	TRUE
[28/Apr/2020:14:44:12]	2frlklhfp3huo1oia1oltfsnoh	25-34	Female	1	7	3	4	1	1	2	4	4	1	TRUE	TRUE
[28/Apr/2020:14:43:09]	ell3flhh4n970irv2rc10opemj	35-44	Female	1	3	3	4	2	1	1	5	1	1	TRUE	TRUE
[28/Apr/2020:14:44:44]	7jlt5io0hmsc3bhc8q0jdp323d	45-54	Female	1	7	4	5	2	1	1	5	5	1	FALSE	TRUE
[28/Apr/2020:14:51:55]	gthjs4p0ih39qm17q6ehbc2936	25-34	Male	4	1	2	3	2	1	2	5	4	1	TRUE	TRUE
[28/Apr/2020:14:49:06]	7vng16le5t9o3ha43bom5cvv1u	>55	Male	1	2	4	5	5	4	4	3	4	5	FALSE	TRUE
[28/Apr/2020:14:58:55]	29rbvfifc3ap5bholfs7sccjbf	45-54	Female	2	0	5	5	1	1	1	4	4	1	TRUE	TRUE
[28/Apr/2020:14:48:13]	4ncdek9i28c38vtm54eqesvha9	35-44	Male	1	7	2	5	4	3	2	3	3	2	TRUE	TRUE
[28/Apr/2020:14:53:38]	c3hn0nmaah1fagepheorsdih8m	35-44	Female	3	3	3	5	5	4	2	2	2	1	FALSE	TRUE
[28/Apr/2020:14:55:25]	tvvnt3708g3hvhhgkiip940ojf	45-54	Male	5	4	4	4	3	2	2	1	2	1	TRUE	TRUE
[28/Apr/2020:14:58:35]	c5nq15fji5i0e538rgvdddh7io	25-34	Male	2	5	4	4	4	5	4	3	4	4	FALSE	TRUE
[28/Apr/2020:15:02:51]	fv1vnmmjc6gcus2ov3jki1a20l	45-54	Male	1	7	1	3	3	1	1	5	5	1	TRUE	TRUE
[28/Apr/2020:15:09:31]	74cb388srpueku40g87thhan5o	>55	Male	2	1	2	5	2	1	1	5	5	1	TRUE	TRUE
[28/Apr/2020:15:00:18]	g8gukmuu028f6m0iomv697jse7	25-34	Male	2	2	4	5	2	1	1	5	5	1	TRUE	TRUE
[28/Apr/2020:15:13:22]	3m145hh807fjo5h5bspbnp6nk3	35-44	Female	5	0	2	4	4	2	3	3	3	1	TRUE	TRUE
[28/Apr/2020:15:14:28]	8lcmrhcsrfr411l1ji53f8e3kr	25-34	Male	1	6	3	4	3	4	4	4	4	3	FALSE	TRUE
[28/Apr/2020:15:05:05]	c20f1qa7kiigvhrkldeg19nhql	25-34	Female	1	7	1	5	5	4	2	2	2	2	TRUE	TRUE
[28/Apr/2020:15:17:33]	h46lcan09urko7o1po5uc7b2l4	45-54	Male	2	2	5	5	4	1	3	5	4	1	TRUE	TRUE
[28/Apr/2020:15:41:21]	m1ovtdr362mq15ah2a1s3m09pu	25-34	Female	2	2	5	5	5	5	2	5	5	1	TRUE	TRUE
[28/Apr/2020:15:38:06]	lkm9uttc144k459vvaju3u9gqe	25-34	Male	3	0	3	4	2	3	4	3	4	2	FALSE	TRUE
[28/Apr/2020:15:45:17]	eq32ma7jos6j3u24gjii7g5qm7	35-44	Male	2	3	1	4	2	1	1	5	5	1	TRUE	TRUE
[28/Apr/2020:15:43:15]	u0a3q3iost4nos0tt6cnigph7l	18-24	Male	2	1	3	5	3	2	2	5	3	1	TRUE	TRUE
[28/Apr/2020:15:48:33]	jk7892d953trr96237lo7ksibd	25-34	Male	1	7	5	5	5	5	5	5	1	1	TRUE	TRUE
[28/Apr/2020:15:51:10]	ncq9nnnkdrk702rl7cbhhvb31p	25-34	Male	3	1	2	5	2	1	1	5	2	1	TRUE	TRUE
[28/Apr/2020:15:51:05]	mv1ikq281b04a2kndf8ajdkose	18-24	Male	1	0	3	2	3	3	1	2	2	2	FALSE	TRUE
[28/Apr/2020:15:56:48]	lg3hq0q1t1la93423o3tqtbkc6	35-44	Male	2	3	5	5	5	5	4	5	5	4	TRUE	TRUE
[28/Apr/2020:15:55:16]	rod37ss4kktfnpthj322ktfqfm	45-54	Female	3	2	3	4	4	1	2	4	4	4	FALSE	TRUE
[28/Apr/2020:15:56:19]	dsfhkup8d7f3rkdt4c6fiegemk	45-54	Female	1	7	3	2	3	4	3	3	2	3	FALSE	TRUE
[28/Apr/2020:16:06:55]	gkbtj9imfjq246mt1g5uvc5q5e	25-34	Male	1	7	5	5	5	5	5	5	4	3	FALSE	TRUE
[28/Apr/2020:16:11:46]	gsjv0tpum86de17afdtfoa1otj	35-44	Male	2	5	5	5	4	3	4	4	4	3	TRUE	TRUE
[28/Apr/2020:16:03:15]	1rv5oai8hg98uo9shfplp44gof	35-44	Male	2	4	4	4	4	2	4	4	4	2	TRUE	TRUE
[28/Apr/2020:16:10:40]	7unnd106n1j81rfifpujfs14s7	45-54	Male	2	7	4	4	2	3	1	5	5	1	TRUE	TRUE
[28/Apr/2020:16:16:41]	ur8udbb1353hnccfocv7dupn1n	>55	Female	5	2	5	5	4	3	2	2	5	2	TRUE	TRUE
[28/Apr/2020:16:17:56]	ka0env6p503v8sb4tvigkop3b2	25-34	Male	1	6	4	5	5	2	1	3	1	1	TRUE	TRUE
[28/Apr/2020:16:19:06]	beqrm10df1l6nd8s0f5vl5bfi1	45-54	Female	2	2	5	5	5	2	3	5	5	1	TRUE	TRUE
[28/Apr/2020:16:19:16]	p6ogjuferr1tculolajdra49b1	35-44	Male	1	6	3	4	1	1	1	5	2	1	TRUE	TRUE
[28/Apr/2020:16:18:36]	tsbvisdef1bt4kb3rou4sngvbm	25-34	Female	2	2	2	4	4	1	1	4	2	1	FALSE	TRUE
[28/Apr/2020:16:22:00]	gjdj17a7usl0o5h8o5doqq2c5i	45-54	Female	1	7	1	5	5	1	1	5	5	1	FALSE	TRUE
[28/Apr/2020:16:29:36]	3vq2o7nsd1kjvqdmqbqgrvra0s	18-24	Male	2	3	1	4	1	2	3	5	2	1	TRUE	TRUE
[28/Apr/2020:16:54:33]	j014bqapjv32eepv5reb4ug9l6	25-34	Female	1	0	2	5	5	1	1	2	3	1	TRUE	TRUE
[28/Apr/2020:16:48:49]	7fiueu9mdmhhvara67b684kk9o	25-34	Male	2	2	5	5	2	1	3	4	4	2	TRUE	TRUE
[28/Apr/2020:16:48:48]	crk7h92klicni35o4vvdgqr9or	35-44	Male	2	4	5	5	5	2	2	5	5	2	TRUE	TRUE
[28/Apr/2020:16:51:23]	47gi2h3fo4l5ouddh129l06n9p	45-54	Male	1	2	4	5	2	2	1	3	1	1	FALSE	TRUE
[28/Apr/2020:16:55:06]	6090nmrcir2hrkba5otca09p78	45-54	Female	4	0	3	4	2	1	1	5	5	1	TRUE	TRUE
[28/Apr/2020:16:55:04]	olfh1ftvu2okorj4ni8gk5m3jl	35-44	Male	5	1	3	4	3	2	2	4	4	2	FALSE	TRUE
[28/Apr/2020:16:53:28]	qhiub620ao140m66h778jsau1o	25-34	Male	2	3	3	5	5	4	4	3	5	4	FALSE	TRUE
[28/Apr/2020:16:58:30]	ms859vu258itu028kfmpu8tk3s	45-54	Male	1	6	3	5	3	1	1	2	2	1	FALSE	TRUE
[28/Apr/2020:17:19:43]	esmp1gibgb0s0q1l8t6sghp08k	45-54	Female	3	1	1	4	1	1	1	5	1	1	TRUE	TRUE
[28/Apr/2020:17:09:46]	1lk7go940b1hm8pgc1605l1e7t	35-44	Female	1	0	4	5	3	1	1	5	5	1	TRUE	TRUE
[28/Apr/2020:17:24:36]	epj5a71d93f8qod7bqvlbddegj	>55	Male	4	2	4	5	3	1	1	3	2	1	TRUE	TRUE
[28/Apr/2020:17:09:07]	o6mkhtk2sjbshuaacjon3vd07i	35-44	Male	4	1	3	5	4	2	2	3	2	2	FALSE	TRUE
[28/Apr/2020:17:19:30]	aktltf7eetmkjnk6ea5fmalf42	>55	Male	1	7	1	1	1	1	1	4	4	1	TRUE	TRUE
[28/Apr/2020:17:23:06]	mdi6ef4obnrc3b8gc5oq7acpnb	45-54	Female	1	7	2	4	3	3	4	5	2	2	TRUE	TRUE
[28/Apr/2020:17:23:35]	q0u7iujqg8is9fgdmrk7tqffli	25-34	Male	2	7	1	5	1	1	3	5	4	1	TRUE	TRUE
[28/Apr/2020:17:25:42]	7fqlp2gd1hufu4mr3t6ibech81	45-54	Female	1	7	1	1	1	1	1	5	5	1	TRUE	TRUE
[28/Apr/2020:17:34:44]	mafi147m06stmp5f9an3u7joj1	>55	Female	1	7	3	3	2	1	1	5	4	1	TRUE	TRUE
[28/Apr/2020:18:11:17]	u734vbmnsacr6qpj4rjae2kcsh	>55	Male	1	7	1	5	1	1	1	4	4	1	FALSE	TRUE
[28/Apr/2020:18:14:26]	6hb2s5do57olp695buj05gsfdn	35-44	Female	2	4	1	5	4	1	1	5	3	1	TRUE	TRUE
[28/Apr/2020:19:18:10]	knk1c14594tfl8slen9af904aj	>55	Female	1	5	5	5	3	2	5	4	5	1	FALSE	TRUE
[28/Apr/2020:12:15:47]	1u0ia6fg2q776blo9snb006725	25-34	Female	2	5	5	5	3	2	3	5	4	2	FALSE	TRUE
[28/Apr/2020:12:16:42]	gv09tipv9h79bgv068oti7gvup	35-44	Male	5	2	1	1	1	1	1	4	4	1	FALSE	TRUE
[28/Apr/2020:12:17:32]	tmf6csu8bsu3cmk1cdteokvdnl	>55	Male	2	1	4	2	3	2	3	5	4	2	TRUE	TRUE
[28/Apr/2020:12:57:34]	klm0gejoafq5912rc88u23j91j	25-34	Male	2	5	3	5	4	1	2	5	5	1	TRUE	TRUE
[28/Apr/2020:12:34:50]	t1nraneeb0f0kcg96jd0t8a59b	45-54	Male	1	5	5	5	5	5	5	5	5	1	FALSE	TRUE
[28/Apr/2020:12:28:56]	lliiva83fbmeg7as5lg6bnuukg	25-34	Female	1	1	3	4	4	4	4	3	4	3	FALSE	TRUE
[28/Apr/2020:12:38:54]	siht4fb85ok627138kabp7b6it	25-34	Male	1	1	3	1	2	1	1	3	3	1	FALSE	TRUE
[28/Apr/2020:12:55:25]	u47n56q4ip5oeqhts7st26m312	>55	Male	2	1	1	1	1	1	1	5	5	1	TRUE	TRUE
[28/Apr/2020:12:43:32]	vsv8fobfm1f12qn7lnuta2g3a3	25-34	Male	2	1	1	2	1	5	1	5	5	1	TRUE	TRUE
[28/Apr/2020:12:51:16]	ag7skvs8plck2kh7ii9oh97jch	25-34	Female	2	5	4	5	5	2	4	5	4	1	TRUE	TRUE
[28/Apr/2020:13:24:04]	1985ng6eipjfdmm64nuote7sgs	>55	Female	1	5	2	1	1	1	2	5	2	2	FALSE	TRUE
[28/Apr/2020:13:27:43]	lldc1oku6as4al9sblntpihpls	>55	Female	5	1	4	3	1	1	1	5	5	1	TRUE	TRUE
[28/Apr/2020:13:26:17]	f545utl56otduvlk25nuqfh1ca	25-34	Male	5	0	3	4	2	1	1	3	2	1	FALSE	TRUE
[28/Apr/2020:13:42:06]	jej10sm1q3dni0ou8r6l73i6np	45-54	Male	1	7	4	5	2	1	2	5	4	1	TRUE	TRUE
[28/Apr/2020:13:40:43]	gf2dkv6jn05h13qqqk07b56grr	45-54	Female	4	1	2	5	2	2	5	5	5	2	TRUE	TRUE
[28/Apr/2020:14:04:52]	mq9f287s5qh157kok0lnblolhh	35-44	Male	2	1	4	4	3	1	2	4	4	1	TRUE	TRUE
[28/Apr/2020:14:37:45]	9b2glq34v6qokabpvhgbt2k13b	45-54	Male	2	3	4	4	1	1	4	5	5	1	TRUE	TRUE
[28/Apr/2020:14:43:09]	stvtphgp34sr5393eknosh3c9c	25-34	Male	2	4	5	3	4	2	3	2	4	1	FALSE	TRUE
[28/Apr/2020:14:48:37]	e7ggus2ihhdc1makk5gnrc3uhl	45-54	Male	2	7	4	5	3	3	4	5	3	1	TRUE	TRUE
[28/Apr/2020:14:42:58]	3b4qvp0idee2ddran4fgvbkclr	>55	Female	1	7	4	4	3	2	2	4	3	1	TRUE	TRUE
[28/Apr/2020:15:09:32]	0mik5hn0t0vfa6ui6l6h48isga	>55	Female	4	1	5	2	1	3	4	5	2	1	TRUE	TRUE
[28/Apr/2020:14:51:32]	c393jemtsh8t2imntpgqm5mdsg	25-34	Female	5	0	3	4	2	1	1	3	3	1	TRUE	TRUE
[28/Apr/2020:14:56:31]	hof1p0bb6tn1tqhi5pg5aich1f	25-34	Male	5	0	1	1	2	1	1	5	2	1	TRUE	TRUE
[28/Apr/2020:15:14:53]	o9buetrbsa13oh2e1n6952l0ic	45-54	Male	5	0	4	5	4	1	1	3	4	3	FALSE	TRUE
[28/Apr/2020:14:53:13]	odcbomfcollg2p5mg4ept7miav	>55	Male	1	3	4	4	2	4	4	4	3	3	FALSE	TRUE
[28/Apr/2020:15:13:29]	4bmtma76cb27jg70p6m8k49jq1	35-44	Female	2	4	4	4	4	2	2	5	5	1	TRUE	TRUE
[28/Apr/2020:15:13:03]	9j4342mkc9218iuj3hfhq9dqvh	45-54	Male	1	0	4	5	5	4	5	5	5	3	FALSE	TRUE
[28/Apr/2020:15:02:15]	v0b22cvq15pe7nbq0a7rf8fb25	25-34	Male	2	4	4	3	1	1	1	3	4	1	TRUE	TRUE
[28/Apr/2020:15:34:18]	0lis8351d575ig4s66cn1ba1th	18-24	Male	5	0	3	5	5	1	1	2	2	1	FALSE	TRUE
[28/Apr/2020:15:36:23]	lmbhd4k1ucl89pu4tm79dv2lb4	35-44	Male	5	3	4	4	4	4	4	4	4	4	TRUE	TRUE
[28/Apr/2020:15:42:24]	cvcv95gm7hiu1n3c3ra4hqs24f	35-44	Male	2	2	3	5	5	1	2	4	4	1	FALSE	TRUE
[28/Apr/2020:15:37:31]	s4kfakd3lgpqjrspgc11nouosr	35-44	Male	4	0	4	5	2	2	1	2	4	1	TRUE	TRUE
[28/Apr/2020:15:48:25]	lgrkf78kpkuh76l85mfum620gc	35-44	Female	5	0	2	3	3	1	1	5	4	2	TRUE	TRUE
[28/Apr/2020:15:58:13]	fubqerkdcvu99g4j8ue07olsbn	45-54	Female	1	5	4	3	4	3	2	3	3	2	FALSE	TRUE
[28/Apr/2020:15:52:10]	cmdpe2rt2bjqna7fkqsnc3cvic	25-34	Female	2	1	3	4	1	1	2	5	5	1	TRUE	TRUE
[28/Apr/2020:15:49:34]	40obv6e1fcor7056pga6g8t5o7	25-34	Male	5	2	4	4	3	2	3	4	3	4	FALSE	TRUE
[28/Apr/2020:15:51:42]	perh7jht15068nl6r56lqd3eqj	35-44	Female	2	1	5	5	3	1	1	5	3	1	TRUE	TRUE
[28/Apr/2020:15:53:44]	lfb89d9ipbgob5505bhdbp7ejo	25-34	Female	1	5	4	5	2	3	4	4	5	1	TRUE	TRUE
[28/Apr/2020:15:57:43]	j8doicjmc10kiohi46nr1aa3d2	25-34	Female	1	0	4	3	2	3	3	4	3	4	FALSE	TRUE
[28/Apr/2020:15:53:08]	c9av3c94gi767gu2pn365a1et9	35-44	Male	1	6	4	4	2	1	4	4	4	1	TRUE	TRUE
[28/Apr/2020:16:10:03]	u9g23c9aampib1tqccgavr7adt	25-34	Male	2	5	5	5	3	4	4	4	4	4	FALSE	TRUE
[28/Apr/2020:16:05:47]	q4emu00oena8g68n4ibsknhuol	25-34	Female	1	7	3	4	3	4	3	4	3	3	FALSE	TRUE
[28/Apr/2020:16:16:21]	qncc2li86bqdcqi822ksmfi29h	45-54	Male	5	4	4	5	3	1	3	5	4	1	FALSE	TRUE
[28/Apr/2020:16:17:34]	44doi9jele2le2jvibrt8olv7a	25-34	Female	2	5	3	2	2	3	2	4	3	2	FALSE	TRUE
[28/Apr/2020:16:21:26]	160urrrnpa44vmemc0ev47glaa	45-54	Male	1	6	1	4	1	1	1	4	4	1	TRUE	TRUE
[28/Apr/2020:16:54:33]	d6hnu9evaievj4uqps7oh2jifb	35-44	Female	1	5	3	3	1	1	1	1	2	1	TRUE	TRUE
[28/Apr/2020:16:58:15]	94tuag9sas1j0662455sks35nm	>55	Female	1	7	3	3	1	1	3	5	3	1	FALSE	TRUE
[28/Apr/2020:17:12:58]	uo1hvkae3mcuspuds89idt4qnm	25-34	Male	2	5	4	3	4	2	4	3	2	2	FALSE	TRUE
[28/Apr/2020:17:05:32]	jc3btc7gf13od1pth18ri06fm6	35-44	Female	2	1	1	4	2	1	1	4	4	1	TRUE	TRUE
[28/Apr/2020:17:14:34]	1k0e8fddr2048cic0lthcgplln	45-54	Female	4	1	5	2	3	1	2	5	3	1	TRUE	TRUE
[28/Apr/2020:17:20:38]	gigof19cra27j76ahngkkhm6nu	35-44	Female	1	7	5	5	1	2	1	5	2	1	TRUE	TRUE
[28/Apr/2020:18:00:57]	evbb8b10mare8e1touj81a84mh	35-44	Female	2	2	4	4	2	4	2	5	4	1	TRUE	TRUE
[28/Apr/2020:18:06:55]	sqmejcvj1qsq50hnjpog3plks7	18-24	Male	2	1	2	5	4	1	1	2	2	2	FALSE	TRUE
[28/Apr/2020:19:18:04]	mh7gt009crs9gqfu4dg47vmr9o	35-44	Female	5	0	1	5	4	1	5	5	5	1	TRUE	TRUE
[28/Apr/2020:12:11:03]	atcappekjblga7c2mm00hls7o8	35-44	Female	5	0	3	4	4	1	1	4	3	1	FALSE	TRUE
[28/Apr/2020:12:48:10]	gr30o0312eebmp3r8l9l5enkaj	35-44	Male	1	7	4	5	3	1	1	3	3	1	FALSE	TRUE
[28/Apr/2020:12:54:21]	9mo75n7p1hgeiabcj856tefg1b	18-24	Female	1	7	5	5	5	5	5	5	5	5	FALSE	TRUE
[28/Apr/2020:12:53:29]	au1n3v6ebf1gniq0tb1r4i3ggn	>55	Female	1	7	5	5	5	1	1	5	5	1	FALSE	TRUE
[28/Apr/2020:13:23:40]	mjc1jf8uf6uvo3vs5jisgjvrh5	35-44	Female	1	7	1	5	3	1	1	5	3	1	TRUE	TRUE
[28/Apr/2020:13:21:35]	rigksh4lk5ai7otku5su9n4lo5	25-34	Male	2	2	1	4	1	1	1	5	1	1	TRUE	TRUE
[28/Apr/2020:13:22:16]	9i9q1jgd6r20pj6ubish4ft44k	35-44	Female	2	5	5	3	1	1	1	5	3	1	TRUE	TRUE
[28/Apr/2020:14:27:17]	u04ebuvrs2uo3s8of4psm17jt5	35-44	Female	3	2	3	4	2	1	1	3	3	1	FALSE	TRUE
[28/Apr/2020:14:31:48]	7bhk793nquocmui6pvjihgbu2j	25-34	Male	1	7	3	5	1	1	5	4	4	1	TRUE	TRUE
[28/Apr/2020:14:48:52]	h47kmg0rrd6jhvcij8be8qdj4i	45-54	Female	1	7	3	4	3	4	5	3	4	4	FALSE	TRUE
[28/Apr/2020:14:48:11]	2lc8m06kej9u67j9lka2acejmk	35-44	Male	1	7	2	5	2	1	3	5	5	1	TRUE	TRUE
[28/Apr/2020:14:55:33]	lqtf1m09g31veiqftgmiuqmpgc	25-34	Female	1	7	4	5	4	5	4	5	5	4	TRUE	TRUE
[28/Apr/2020:14:55:57]	0lle83klk99fhkok773ohl3ho5	25-34	Male	3	1	4	2	1	1	1	5	2	1	TRUE	TRUE
[28/Apr/2020:14:58:22]	oa6j6aqc7h3rt32k5e7aa41653	35-44	Male	1	6	1	5	1	1	1	5	4	1	TRUE	TRUE
[28/Apr/2020:15:04:58]	a84i34ntb9opokb0r06rs45aml	>55	Female	1	6	3	2	1	1	1	4	3	1	FALSE	TRUE
[28/Apr/2020:15:03:32]	b2m9ds8a47oshii4s3ei228hm7	35-44	Female	1	7	2	4	2	1	1	4	4	1	FALSE	TRUE
[28/Apr/2020:15:15:51]	eqr1ueol6s04akem7v7at4dbvn	35-44	Female	1	4	5	5	3	2	3	5	5	4	FALSE	TRUE
[28/Apr/2020:15:42:06]	1cmuisbm6nmgq33hetdplhcprn	18-24	Male	2	5	3	5	5	3	4	2	5	1	FALSE	TRUE
[28/Apr/2020:15:37:45]	ctb0n4dbdufd4t1gun80uf6am8	25-34	Male	3	3	3	3	3	3	3	3	3	3	FALSE	TRUE
[28/Apr/2020:15:49:26]	14eh0t5tirvufs2ihm5kqc940s	25-34	Female	1	7	4	4	2	1	1	4	4	1	TRUE	TRUE
[28/Apr/2020:15:46:48]	n2qrf9r8ttftggmea0hb8ks0ek	25-34	Male	2	2	3	3	2	4	3	3	3	2	FALSE	TRUE
[28/Apr/2020:15:56:26]	9hf1kur8qi3uanldcm25439r32	45-54	Female	5	0	3	5	2	1	1	5	4	1	TRUE	TRUE
[28/Apr/2020:16:06:43]	khikn7fntsi9ghcbp65jpbhsl9	35-44	Male	5	0	5	2	1	1	2	4	5	1	TRUE	TRUE
[28/Apr/2020:16:13:01]	gddkqbmfd8gccbjkevhem5oegl	25-34	Male	2	2	3	3	2	1	2	4	4	1	TRUE	TRUE
[28/Apr/2020:16:30:34]	i6spu55o6brob89ns6o7esgh74	>55	Female	5	5	2	2	1	2	2	4	4	1	TRUE	TRUE
[28/Apr/2020:16:54:42]	icb3jp2v41auq3tp08g1ikfjcd	35-44	Female	2	1	3	4	4	2	2	5	5	1	FALSE	TRUE
[28/Apr/2020:16:57:13]	f5ngppqr38u3ktope2bjisr55n	18-24	Female	3	3	4	5	4	4	3	4	4	3	TRUE	TRUE
[28/Apr/2020:17:15:07]	5smuoaul1djpj60uu3m8ni70ir	>55	Female	5	0	4	4	1	3	1	4	5	3	TRUE	TRUE
[28/Apr/2020:18:16:52]	nmvv26ui3ojsg3s3i0g31pn65q	25-34	Male	2	2	4	5	3	1	1	5	5	1	TRUE	TRUE
[28/Apr/2020:18:10:18]	qqiqei2ribjn2p3aclcdht8uf3	>55	Female	1	5	3	4	4	3	5	4	4	3	FALSE	TRUE
[28/Apr/2020:18:29:47]	mvhoep7eed1dn6oprsluck3fn2	25-34	Female	3	1	3	5	3	1	1	4	4	1	TRUE	TRUE
[28/Apr/2020:12:35:47]	2tc4f7655tsmei9nobhmojvevj	25-34	Male	1	5	4	4	5	5	2	5	5	3	TRUE	TRUE
[28/Apr/2020:12:42:25]	l5ttua9uubuqujag429see12tm	35-44	Male	1	7	3	3	1	3	3	5	3	1	TRUE	TRUE
[28/Apr/2020:13:42:36]	4lpt9t03mtlhrb9pj9uns39tp9	25-34	Male	2	2	2	5	2	1	1	5	3	1	TRUE	TRUE
[28/Apr/2020:13:56:24]	fida7nc73887qriqndaoq9orks	35-44	Male	4	1	4	5	1	1	1	5	4	1	TRUE	TRUE
[28/Apr/2020:13:59:24]	squbvnihjqerhir8odi9lcjpkk	25-34	Female	5	0	2	5	1	1	1	4	2	1	TRUE	TRUE
[28/Apr/2020:14:30:02]	2hunv7jj5h62viouf832c6s2tb	25-34	Male	2	1	2	2	1	1	1	5	5	1	TRUE	TRUE
[28/Apr/2020:14:46:58]	ablgnbv5ddk15evknc7v8g8eav	35-44	Male	1	1	5	5	5	5	5	5	5	5	FALSE	TRUE
[28/Apr/2020:14:55:37]	1k6jco8dqu01v0v3op2s5nd1i0	35-44	Male	3	1	2	2	2	2	2	5	5	1	TRUE	TRUE
[28/Apr/2020:15:24:13]	nlkimra5tg7mn4dcrddgr5jb6v	>55	Male	2	3	4	4	2	1	2	5	5	1	TRUE	TRUE
[28/Apr/2020:15:11:19]	81r0ma2ktbsivcemi6q9san6nh	>55	Male	1	7	1	5	5	1	1	5	1	1	TRUE	TRUE
[28/Apr/2020:15:08:31]	5juu9fabbb85uh9c7sgpm7pk6o	25-34	Female	2	2	5	5	1	1	1	5	1	1	TRUE	TRUE
[28/Apr/2020:16:09:34]	vq3i2gbvqi2v2cg3ojtbn78b6p	25-34	Female	1	7	4	5	5	2	2	5	4	1	TRUE	TRUE
[28/Apr/2020:16:50:46]	karia08mmnb23j2e68e96336ga	25-34	Female	1	3	3	4	4	5	4	4	3	4	TRUE	TRUE
[28/Apr/2020:16:46:43]	k7kkjkkhataihuv19i6hf525tr	25-34	Female	1	7	5	5	3	4	4	4	4	4	TRUE	TRUE
[28/Apr/2020:17:00:20]	93k24j9gds2ed9q1pvl4idti1e	45-54	Female	1	7	3	5	2	1	4	5	2	1	TRUE	TRUE
[28/Apr/2020:16:58:18]	s7ikvda05diauca9g6840vi2n4	>55	Female	5	1	5	5	5	3	1	5	5	1	TRUE	TRUE
[28/Apr/2020:17:09:51]	5aqae4pu6sa7k57sosok3fmdci	25-34	Male	2	2	1	5	4	1	1	1	3	1	FALSE	TRUE
[28/Apr/2020:17:16:56]	a1igdg37i6abetkqh10o41kbv9	>55	Male	1	7	5	5	5	2	5	5	5	1	TRUE	TRUE
[28/Apr/2020:17:55:36]	ridhpirbo26uq14mru9pd8tg9c	35-44	Male	3	5	4	3	4	4	3	4	3	4	FALSE	TRUE
[28/Apr/2020:13:35:12]	e77dop0i8v4jls2o69pdler8v2	25-34	Female	2	3	4	5	1	1	2	5	5	1	TRUE	TRUE
[28/Apr/2020:13:29:31]	lff6aaltdaoksksl1fq1mt4apr	35-44	Male	1	0	5	4	4	3	4	5	2	2	FALSE	TRUE
[28/Apr/2020:13:38:40]	tks0qj0gjphi5i0jjj1pggqiti	35-44	Male	1	7	4	5	4	2	5	4	4	4	TRUE	TRUE
[28/Apr/2020:13:36:00]	7slv5fp4r2ukpe1jen3e9fqs4r	35-44	Male	2	3	3	5	4	2	2	3	3	2	TRUE	TRUE
[28/Apr/2020:13:33:06]	k18kghir2da8vlfi1h5v3p5smr	35-44	Female	3	7	3	3	3	3	3	3	3	3	TRUE	TRUE
[28/Apr/2020:13:54:38]	qutvv7oap6mka9a5ri2je9t7uk	>55	Female	2	3	3	3	3	3	4	4	4	2	TRUE	TRUE
[28/Apr/2020:14:49:57]	mmc7jt7ljnfh8vsn78uu66ha40	25-34	Male	1	7	4	4	1	1	3	3	3	2	FALSE	TRUE
[28/Apr/2020:14:42:54]	t0vtun2qjkd693kvbivbcd449u	35-44	Male	3	1	5	5	4	4	5	5	4	1	TRUE	TRUE
[28/Apr/2020:14:45:31]	1cfpgbvq0kgi6ip925nr0pfj9i	45-54	Female	2	0	4	4	2	1	1	5	3	1	TRUE	TRUE
[28/Apr/2020:15:14:23]	usg35cgcqkgpclq1bantq7ecu5	35-44	Male	1	0	3	5	1	1	3	5	5	1	TRUE	TRUE
[28/Apr/2020:15:54:58]	6eud2l89t9j69gn6e34i0hvri9	35-44	Male	1	6	3	4	3	4	3	4	4	3	FALSE	TRUE
[28/Apr/2020:15:54:29]	dn7c6ifmct8imkq6ro1387s97f	18-24	Male	2	1	4	5	3	2	2	5	3	4	FALSE	TRUE
[28/Apr/2020:16:11:42]	5u2vqb3euuf338dlnbikhiu4as	25-34	Male	2	3	4	4	1	2	4	3	4	1	TRUE	TRUE
[28/Apr/2020:16:16:09]	3pq756kq0jbb6j839tg3aett97	35-44	Female	4	1	3	4	3	3	4	4	3	3	FALSE	TRUE
[28/Apr/2020:16:43:36]	adnceuf1ldeg7aiou60v2bg2sf	25-34	Male	2	3	4	4	4	2	2	4	4	3	FALSE	TRUE
[28/Apr/2020:16:50:58]	r32ffk5bv1vrlsdsepiokgoqc4	25-34	Female	1	7	4	5	3	3	1	5	4	2	TRUE	TRUE
[28/Apr/2020:17:06:26]	q04t12h9jet05k9acqu0vv3s0t	25-34	Male	3	3	2	5	3	2	1	5	3	1	TRUE	TRUE
[28/Apr/2020:17:03:08]	q3p4sljbtga8jqb5hntnqc5e2v	25-34	Male	1	3	4	4	4	3	4	3	4	3	FALSE	TRUE
[28/Apr/2020:19:04:48]	cnkme0bi5bv382doo9vvsukk5e	35-44	Female	1	7	3	4	5	3	4	4	4	3	FALSE	TRUE
[28/Apr/2020:13:24:17]	d1vm8fjkdbi23d26fo2mboi1c8	45-54	Female	2	3	3	4	5	2	2	4	4	1	TRUE	TRUE
[28/Apr/2020:14:42:03]	i0tp86kaqr9nuas8c8rn38bl79	35-44	Male	3	2	4	5	2	1	2	5	3	1	TRUE	TRUE
[28/Apr/2020:14:53:45]	l8083jeb7a82p69vgtv1b6uuc3	25-34	Female	1	3	3	4	4	3	4	4	4	5	FALSE	TRUE
[28/Apr/2020:16:01:15]	0gm48sg9ilt78hdldv99rfa2c4	45-54	Female	5	1	1	5	3	1	1	4	1	1	TRUE	TRUE
[28/Apr/2020:16:47:06]	neo19die7pv51kamvfcqoa8c0s	35-44	Female	2	2	5	2	2	2	1	1	1	1	TRUE	TRUE
[28/Apr/2020:16:44:54]	ogj2497m51141sl4kcsiurd7f4	25-34	Male	3	1	2	4	4	1	3	1	3	1	FALSE	TRUE
[28/Apr/2020:14:35:12]	543c3vgp99bj6qsvlbsdr9ucss	25-34	Male	2	1	4	5	2	4	1	5	4	1	TRUE	TRUE
[28/Apr/2020:14:57:08]	fcd9s1ltl75o0ds263ht9le66s	35-44	Female	1	7	3	5	5	4	4	5	5	1	TRUE	TRUE
[28/Apr/2020:15:13:54]	i8l5utb1pi0o170cab9h0jkv1i	18-24	Male	5	3	5	5	2	2	4	5	5	1	TRUE	TRUE
[28/Apr/2020:16:05:13]	8q26ncrr1hp7473p9ah67v24gk	35-44	Male	1	5	5	4	1	1	1	5	2	1	FALSE	TRUE
[28/Apr/2020:13:22:41]	ij9hoceo17r0da9q9m21kvh60t	35-44	Male	2	7	3	3	3	3	3	3	3	3	TRUE	TRUE
[28/Apr/2020:13:57:52]	1eda1v5hi1sk0qjl5ahcgv2fe7	18-24	Male	5	0	3	4	4	2	2	3	3	2	FALSE	TRUE
[28/Apr/2020:14:52:00]	dukk8rh1m8je0b3os7jg2lmkv9	>55	Female	2	6	3	5	1	1	1	5	3	1	FALSE	TRUE
[28/Apr/2020:15:01:21]	4el52aq38nt29o43m1pnfjpmq3	>55	Male	1	7	5	5	2	1	1	5	4	1	FALSE	TRUE
[28/Apr/2020:17:02:47]	llpgcomgckqgf9jrqmr6neproi	25-34	Male	5	1	3	3	4	2	3	4	3	4	FALSE	TRUE
[28/Apr/2020:17:07:33]	1tqslsilso9qiqnjsh9vtaqodi	25-34	Female	1	6	1	5	2	1	3	4	3	1	TRUE	TRUE
[28/Apr/2020:17:14:59]	0e3uqoacu78n4n3g23ci2201ru	35-44	Male	1	3	4	3	3	4	4	4	4	3	FALSE	TRUE
[28/Apr/2020:22:29:50]	c320lk8faokfkef6a7a0kqghjb	25-34	Male	2	3	2	3	2	1	1	4	4	1	TRUE	TRUE
[28/Apr/2020:11:34:26]	a2dd9uaq868sc9qh5i44rioqev	35-44	Female	1	1	4	5	4	4	5	4	4	4	FALSE	TRUE
[28/Apr/2020:11:39:52]	fgviijl5s2akgop1h2h8aoed3b	25-34	Female	2	1	3	4	3	2	2	3	3	3	TRUE	TRUE
[28/Apr/2020:11:42:00]	tj7cne6l636pci1fvnfqmeak2t	45-54	Female	1	7	3	3	3	3	3	3	3	3	FALSE	TRUE
